{"cameraMode":{"drawMode":0,"name":"Shaded","section":"Shading Mode"},"sceneLighting":true,"audioPlay":false,"sceneViewState":{"m_AlwaysRefresh":false,"showFog":true,"showSkybox":true,"showFlares":true,"showImageEffects":true,"showParticleSystems":true,"showVisualEffectGraphs":true,"m_FxEnabled":true},"in2DMode":false,"pivot":{"x":-4.1498003005981449,"y":-2.0764236450195314,"z":-0.6142959594726563},"rotation":{"x":0.012875081971287728,"y":0.065366730093956,"z":-0.0009669451974332333,"w":0.9979017376899719},"size":9.298672676086426,"orthographic":false}