{"cameraMode":{"drawMode":0,"name":"Shaded","section":"Shading Mode"},"sceneLighting":true,"audioPlay":false,"sceneViewState":{"m_AlwaysRefresh":false,"showFog":true,"showSkybox":true,"showFlares":true,"showImageEffects":true,"showParticleSystems":true,"showVisualEffectGraphs":true,"m_FxEnabled":true},"in2DMode":false,"pivot":{"x":-1.6324729919433594,"y":0.45971858501434328,"z":-6.443725109100342},"rotation":{"x":-0.018122242763638498,"y":-0.13069893419742585,"z":-0.0024808556772768499,"w":0.9913477897644043},"size":4.933199405670166,"orthographic":false}