{"cameraMode":{"drawMode":0,"name":"Shaded","section":"Shading Mode"},"sceneLighting":true,"audioPlay":false,"sceneViewState":{"showFog":false,"showMaterialUpdate":true,"showSkybox":true,"showFlares":true,"showImageEffects":true,"showParticleSystems":true},"in2DMode":false,"pivot":{"x":-0.456655353307724,"y":0.06254174560308457,"z":-0.36812517046928408},"rotation":{"x":-0.14312966167926789,"y":0.34453001618385317,"z":-0.05323761701583862,"w":-0.9262709021568298},"size":30.743711471557618,"orthographic":false}